,feature,type,mutable,min,max,augmentation
0,bytes_in_sum_s_1,int,False,0.0,2324.0,
1,bytes_in_min_s_1,int,False,0.0,504.0,
2,bytes_in_max_s_1,int,False,0.0,1820.0,
3,bytes_out_sum_s_1,int,True,dynamic,22690.0,
4,bytes_out_min_s_1,int,True,dynamic,22690.0,
5,bytes_out_max_s_1,int,True,dynamic,22690.0,
6,pkts_in_sum_s_1,int,False,0.0,86.0,
7,pkts_in_min_s_1,int,False,0.0,24.0,
8,pkts_in_max_s_1,int,False,0.0,62.0,
9,pkts_out_sum_s_1,int,True,dynamic,122.0,
10,pkts_out_min_s_1,int,True,dynamic,122.0,
11,pkts_out_max_s_1,int,True,dynamic,122.0,
12,duration_sum_s_1,real,True,dynamic,923.0,
13,duration_min_s_1,real,True,dynamic,460.0,
14,duration_max_s_1,real,True,dynamic,463.0,
15,tcp_sum_s_1,int,True,dynamic,3571.0,
16,udp_sum_s_1,int,True,dynamic,1056.0,
17,icmp_sum_s_1,int,True,dynamic,22690.0,
18,distinct_external_ips_s_1,int,False,0.0,8.0,
19,distinct_src_port_s_1,int,False,0.0,2.0,
20,distinct_dst_port_s_1,int,False,0.0,1.0,
21,bytes_in_sum_d_1,int,False,0.0,1893.0,
22,bytes_in_min_d_1,int,False,0.0,1893.0,
23,bytes_in_max_d_1,int,False,0.0,1893.0,
24,bytes_out_sum_d_1,int,True,dynamic,33964.0,
25,bytes_out_min_d_1,int,True,dynamic,33964.0,
26,bytes_out_max_d_1,int,True,dynamic,33964.0,
27,pkts_in_sum_d_1,int,False,0.0,12.0,
28,pkts_in_min_d_1,int,False,0.0,12.0,
29,pkts_in_max_d_1,int,False,0.0,12.0,
30,pkts_out_sum_d_1,int,True,dynamic,1213.0,
31,pkts_out_min_d_1,int,True,dynamic,1213.0,
32,pkts_out_max_d_1,int,True,dynamic,1213.0,
33,duration_sum_d_1,real,True,dynamic,12330.0,
34,duration_min_d_1,real,True,dynamic,12330.0,
35,duration_max_d_1,real,True,dynamic,12330.0,
36,tcp_sum_d_1,int,True,dynamic,5042.0,
37,udp_sum_d_1,int,True,dynamic,0.0,
38,icmp_sum_d_1,int,True,dynamic,33964.0,
39,distinct_external_ips_d_1,int,False,0.0,20.0,
40,distinct_src_port_d_1,int,False,0.0,2.0,
41,distinct_dst_port_d_1,int,False,0.0,1.0,
42,bytes_in_sum_s_3,int,False,0.0,0.0,
43,bytes_in_min_s_3,int,False,0.0,0.0,
44,bytes_in_max_s_3,int,False,0.0,0.0,
45,bytes_out_sum_s_3,int,True,dynamic,10272.0,
46,bytes_out_min_s_3,int,True,dynamic,6328.0,
47,bytes_out_max_s_3,int,True,dynamic,10272.0,
48,pkts_in_sum_s_3,int,False,0.0,0.0,
49,pkts_in_min_s_3,int,False,0.0,0.0,
50,pkts_in_max_s_3,int,False,0.0,0.0,
51,pkts_out_sum_s_3,int,True,dynamic,170.0,
52,pkts_out_min_s_3,int,True,dynamic,113.0,
53,pkts_out_max_s_3,int,True,dynamic,169.0,
54,duration_sum_s_3,real,True,dynamic,1316.0,
55,duration_min_s_3,real,True,dynamic,1169.0,
56,duration_max_s_3,real,True,dynamic,1169.0,
57,tcp_sum_s_3,int,True,dynamic,0.0,
58,udp_sum_s_3,int,True,dynamic,0.0,
59,icmp_sum_s_3,int,True,dynamic,10272.0,
60,distinct_external_ips_s_3,int,False,0.0,47.0,
61,distinct_src_port_s_3,int,False,0.0,1.0,
62,distinct_dst_port_s_3,int,False,0.0,1.0,
63,bytes_in_sum_d_3,int,False,0.0,0.0,
64,bytes_in_min_d_3,int,False,0.0,0.0,
65,bytes_in_max_d_3,int,False,0.0,0.0,
66,bytes_out_sum_d_3,int,True,dynamic,51185.0,
67,bytes_out_min_d_3,int,True,dynamic,18760.0,
68,bytes_out_max_d_3,int,True,dynamic,50312.0,
69,pkts_in_sum_d_3,int,False,0.0,0.0,
70,pkts_in_min_d_3,int,False,0.0,0.0,
71,pkts_in_max_d_3,int,False,0.0,0.0,
72,pkts_out_sum_d_3,int,True,dynamic,670.0,
73,pkts_out_min_d_3,int,True,dynamic,670.0,
74,pkts_out_max_d_3,int,True,dynamic,670.0,
75,duration_sum_d_3,real,True,dynamic,2702.0,
76,duration_min_d_3,real,True,dynamic,511.0,
77,duration_max_d_3,real,True,dynamic,2690.0,
78,tcp_sum_d_3,int,True,dynamic,0.0,
79,udp_sum_d_3,int,True,dynamic,0.0,
80,icmp_sum_d_3,int,True,dynamic,51185.0,
81,distinct_external_ips_d_3,int,False,0.0,34.0,
82,distinct_src_port_d_3,int,False,0.0,1.0,
83,distinct_dst_port_d_3,int,False,0.0,1.0,
84,bytes_in_sum_s_8,int,False,0.0,0.0,
85,bytes_in_min_s_8,int,False,0.0,0.0,
86,bytes_in_max_s_8,int,False,0.0,0.0,
87,bytes_out_sum_s_8,int,True,dynamic,320.0,
88,bytes_out_min_s_8,int,True,dynamic,320.0,
89,bytes_out_max_s_8,int,True,dynamic,320.0,
90,pkts_in_sum_s_8,int,False,0.0,0.0,
91,pkts_in_min_s_8,int,False,0.0,0.0,
92,pkts_in_max_s_8,int,False,0.0,0.0,
93,pkts_out_sum_s_8,int,True,dynamic,5.0,
94,pkts_out_min_s_8,int,True,dynamic,5.0,
95,pkts_out_max_s_8,int,True,dynamic,5.0,
96,duration_sum_s_8,real,True,dynamic,2.0,
97,duration_min_s_8,real,True,dynamic,2.0,
98,duration_max_s_8,int,True,dynamic,2.0,
99,tcp_sum_s_8,int,True,dynamic,0.0,
100,udp_sum_s_8,int,True,dynamic,0.0,
101,icmp_sum_s_8,int,True,dynamic,320.0,
102,distinct_external_ips_s_8,int,False,0.0,1.0,
103,distinct_src_port_s_8,int,False,0.0,1.0,
104,distinct_dst_port_s_8,int,False,0.0,1.0,
105,bytes_in_sum_d_8,int,False,0.0,0.0,
106,bytes_in_min_d_8,int,False,0.0,0.0,
107,bytes_in_max_d_8,int,False,0.0,0.0,
108,bytes_out_sum_d_8,int,True,dynamic,0.0,
109,bytes_out_min_d_8,int,True,dynamic,0.0,
110,bytes_out_max_d_8,int,True,dynamic,0.0,
111,pkts_in_sum_d_8,int,False,0.0,0.0,
112,pkts_in_min_d_8,int,False,0.0,0.0,
113,pkts_in_max_d_8,int,False,0.0,0.0,
114,pkts_out_sum_d_8,int,True,dynamic,0.0,
115,pkts_out_min_d_8,int,True,dynamic,0.0,
116,pkts_out_max_d_8,int,True,dynamic,0.0,
117,duration_sum_d_8,int,True,dynamic,0.0,
118,duration_min_d_8,int,True,dynamic,0.0,
119,duration_max_d_8,int,True,dynamic,0.0,
120,tcp_sum_d_8,int,True,dynamic,0.0,
121,udp_sum_d_8,int,True,dynamic,0.0,
122,icmp_sum_d_8,int,True,dynamic,0.0,
123,distinct_external_ips_d_8,int,False,0.0,0.0,
124,distinct_src_port_d_8,int,False,0.0,0.0,
125,distinct_dst_port_d_8,int,False,0.0,0.0,
126,bytes_in_sum_s_10,int,False,0.0,287.0,
127,bytes_in_min_s_10,int,False,0.0,287.0,
128,bytes_in_max_s_10,int,False,0.0,287.0,
129,bytes_out_sum_s_10,int,True,dynamic,5376.0,
130,bytes_out_min_s_10,int,True,dynamic,5376.0,
131,bytes_out_max_s_10,int,True,dynamic,5376.0,
132,pkts_in_sum_s_10,int,False,0.0,1.0,
133,pkts_in_min_s_10,int,False,0.0,1.0,
134,pkts_in_max_s_10,int,False,0.0,1.0,
135,pkts_out_sum_s_10,int,True,dynamic,112.0,
136,pkts_out_min_s_10,int,True,dynamic,112.0,
137,pkts_out_max_s_10,int,True,dynamic,112.0,
138,duration_sum_s_10,real,True,dynamic,1095.0,
139,duration_min_s_10,real,True,dynamic,1095.0,
140,duration_max_s_10,real,True,dynamic,1095.0,
141,tcp_sum_s_10,int,True,dynamic,0.0,
142,udp_sum_s_10,int,True,dynamic,390.0,
143,icmp_sum_s_10,int,True,dynamic,5376.0,
144,distinct_external_ips_s_10,int,False,0.0,11.0,
145,distinct_src_port_s_10,int,False,0.0,1.0,
146,distinct_dst_port_s_10,int,False,0.0,1.0,
147,bytes_in_sum_d_10,int,False,0.0,0.0,
148,bytes_in_min_d_10,int,False,0.0,0.0,
149,bytes_in_max_d_10,int,False,0.0,0.0,
150,bytes_out_sum_d_10,int,True,dynamic,1769.0,
151,bytes_out_min_d_10,int,True,dynamic,1769.0,
152,bytes_out_max_d_10,int,True,dynamic,1769.0,
153,pkts_in_sum_d_10,int,False,0.0,0.0,
154,pkts_in_min_d_10,int,False,0.0,0.0,
155,pkts_in_max_d_10,int,False,0.0,0.0,
156,pkts_out_sum_d_10,int,True,dynamic,29.0,
157,pkts_out_min_d_10,int,True,dynamic,29.0,
158,pkts_out_max_d_10,int,True,dynamic,29.0,
159,duration_sum_d_10,real,True,dynamic,205.0,
160,duration_min_d_10,real,True,dynamic,205.0,
161,duration_max_d_10,real,True,dynamic,205.0,
162,tcp_sum_d_10,int,True,dynamic,0.0,
163,udp_sum_d_10,int,True,dynamic,0.0,
164,icmp_sum_d_10,int,True,dynamic,1769.0,
165,distinct_external_ips_d_10,int,False,0.0,3.0,
166,distinct_src_port_d_10,int,False,0.0,1.0,
167,distinct_dst_port_d_10,int,False,0.0,1.0,
168,bytes_in_sum_s_21,int,False,0.0,13093.0,
169,bytes_in_min_s_21,int,False,0.0,2918.0,
170,bytes_in_max_s_21,int,False,0.0,2918.0,
171,bytes_out_sum_s_21,int,True,dynamic,1370.0,
172,bytes_out_min_s_21,int,True,dynamic,963.0,
173,bytes_out_max_s_21,int,True,dynamic,963.0,
174,pkts_in_sum_s_21,int,False,0.0,647.0,
175,pkts_in_min_s_21,int,False,0.0,60.0,
176,pkts_in_max_s_21,int,False,0.0,124.0,
177,pkts_out_sum_s_21,int,True,dynamic,665.0,
178,pkts_out_min_s_21,int,True,dynamic,62.0,
179,pkts_out_max_s_21,int,True,dynamic,126.0,
180,duration_sum_s_21,real,True,dynamic,24811.0,
181,duration_min_s_21,real,True,dynamic,3403.0,
182,duration_max_s_21,real,True,dynamic,4970.0,
183,tcp_sum_s_21,int,True,dynamic,14463.0,
184,udp_sum_s_21,int,True,dynamic,0.0,
185,icmp_sum_s_21,int,True,dynamic,0.0,
186,distinct_external_ips_s_21,int,False,0.0,1.0,
187,distinct_src_port_s_21,int,False,0.0,8.0,
188,distinct_dst_port_s_21,int,False,0.0,1.0,
189,bytes_in_sum_d_21,int,False,0.0,2074.0,
190,bytes_in_min_d_21,int,False,0.0,2074.0,
191,bytes_in_max_d_21,int,False,0.0,2074.0,
192,bytes_out_sum_d_21,int,True,dynamic,2415.0,
193,bytes_out_min_d_21,int,True,dynamic,2415.0,
194,bytes_out_max_d_21,int,True,dynamic,2415.0,
195,pkts_in_sum_d_21,int,False,0.0,66.0,
196,pkts_in_min_d_21,int,False,0.0,66.0,
197,pkts_in_max_d_21,int,False,0.0,66.0,
198,pkts_out_sum_d_21,int,True,dynamic,69.0,
199,pkts_out_min_d_21,int,True,dynamic,65.0,
200,pkts_out_max_d_21,int,True,dynamic,65.0,
201,duration_sum_d_21,real,True,dynamic,949.0,
202,duration_min_d_21,real,True,dynamic,949.0,
203,duration_max_d_21,real,True,dynamic,949.0,
204,tcp_sum_d_21,int,True,dynamic,4489.0,
205,udp_sum_d_21,int,True,dynamic,0.0,
206,icmp_sum_d_21,int,True,dynamic,0.0,
207,distinct_external_ips_d_21,int,False,0.0,2.0,
208,distinct_src_port_d_21,int,False,0.0,13.0,
209,distinct_dst_port_d_21,int,False,0.0,1.0,
210,bytes_in_sum_s_22,int,False,0.0,5504688.0,
211,bytes_in_min_s_22,int,False,0.0,5504688.0,
212,bytes_in_max_s_22,int,False,0.0,5504688.0,
213,bytes_out_sum_s_22,int,True,dynamic,36416071.0,
214,bytes_out_min_s_22,int,True,dynamic,36416071.0,
215,bytes_out_max_s_22,int,True,dynamic,36416071.0,
216,pkts_in_sum_s_22,int,False,0.0,112871.0,
217,pkts_in_min_s_22,int,False,0.0,112871.0,
218,pkts_in_max_s_22,int,False,0.0,112871.0,
219,pkts_out_sum_s_22,int,True,dynamic,97183.0,
220,pkts_out_min_s_22,int,True,dynamic,97183.0,
221,pkts_out_max_s_22,int,True,dynamic,97183.0,
222,duration_sum_s_22,real,True,dynamic,21982.0,
223,duration_min_s_22,real,True,dynamic,21982.0,
224,duration_max_s_22,real,True,dynamic,21982.0,
225,tcp_sum_s_22,int,True,dynamic,36432973.0,
226,udp_sum_s_22,int,True,dynamic,0.0,
227,icmp_sum_s_22,int,True,dynamic,0.0,
228,distinct_external_ips_s_22,int,False,0.0,1.0,
229,distinct_src_port_s_22,int,False,0.0,4.0,
230,distinct_dst_port_s_22,int,False,0.0,1.0,
231,bytes_in_sum_d_22,int,False,0.0,288089872.0,
232,bytes_in_min_d_22,int,False,0.0,288089872.0,
233,bytes_in_max_d_22,int,False,0.0,288089872.0,
234,bytes_out_sum_d_22,int,True,dynamic,9964136.0,
235,bytes_out_min_d_22,int,True,dynamic,2650380.0,
236,bytes_out_max_d_22,int,True,dynamic,9839688.0,
237,pkts_in_sum_d_22,int,False,0.0,205248.0,
238,pkts_in_min_d_22,int,False,0.0,205248.0,
239,pkts_in_max_d_22,int,False,0.0,205248.0,
240,pkts_out_sum_d_22,int,True,dynamic,114041.0,
241,pkts_out_min_d_22,int,True,dynamic,114041.0,
242,pkts_out_max_d_22,int,True,dynamic,114041.0,
243,duration_sum_d_22,real,True,dynamic,33113.0,
244,duration_min_d_22,real,True,dynamic,21964.0,
245,duration_max_d_22,real,True,dynamic,22032.0,
246,tcp_sum_d_22,int,True,dynamic,288977872.0,
247,udp_sum_d_22,int,True,dynamic,0.0,
248,icmp_sum_d_22,int,True,dynamic,0.0,
249,distinct_external_ips_d_22,int,False,0.0,2.0,
250,distinct_src_port_d_22,int,False,0.0,54.0,
251,distinct_dst_port_d_22,int,False,0.0,1.0,
252,bytes_in_sum_s_25,int,False,0.0,0.0,
253,bytes_in_min_s_25,int,False,0.0,0.0,
254,bytes_in_max_s_25,int,False,0.0,0.0,
255,bytes_out_sum_s_25,int,True,dynamic,0.0,
256,bytes_out_min_s_25,int,True,dynamic,0.0,
257,bytes_out_max_s_25,int,True,dynamic,0.0,
258,pkts_in_sum_s_25,int,False,0.0,1.0,
259,pkts_in_min_s_25,int,False,0.0,1.0,
260,pkts_in_max_s_25,int,False,0.0,1.0,
261,pkts_out_sum_s_25,int,True,dynamic,85.0,
262,pkts_out_min_s_25,int,True,dynamic,2.0,
263,pkts_out_max_s_25,int,True,dynamic,2.0,
264,duration_sum_s_25,real,True,dynamic,94.0,
265,duration_min_s_25,real,True,dynamic,4.0,
266,duration_max_s_25,real,True,dynamic,5.0,
267,tcp_sum_s_25,int,True,dynamic,0.0,
268,udp_sum_s_25,int,True,dynamic,0.0,
269,icmp_sum_s_25,int,True,dynamic,0.0,
270,distinct_external_ips_s_25,int,False,0.0,23.0,
271,distinct_src_port_s_25,int,False,0.0,36.0,
272,distinct_dst_port_s_25,int,False,0.0,1.0,
273,bytes_in_sum_d_25,int,False,0.0,0.0,
274,bytes_in_min_d_25,int,False,0.0,0.0,
275,bytes_in_max_d_25,int,False,0.0,0.0,
276,bytes_out_sum_d_25,int,True,dynamic,0.0,
277,bytes_out_min_d_25,int,True,dynamic,0.0,
278,bytes_out_max_d_25,int,True,dynamic,0.0,
279,pkts_in_sum_d_25,int,False,0.0,12.0,
280,pkts_in_min_d_25,int,False,0.0,12.0,
281,pkts_in_max_d_25,int,False,0.0,12.0,
282,pkts_out_sum_d_25,int,True,dynamic,0.0,
283,pkts_out_min_d_25,int,True,dynamic,0.0,
284,pkts_out_max_d_25,int,True,dynamic,0.0,
285,duration_sum_d_25,int,True,dynamic,36.0,
286,duration_min_d_25,int,True,dynamic,36.0,
287,duration_max_d_25,int,True,dynamic,36.0,
288,tcp_sum_d_25,int,True,dynamic,0.0,
289,udp_sum_d_25,int,True,dynamic,0.0,
290,icmp_sum_d_25,int,True,dynamic,0.0,
291,distinct_external_ips_d_25,int,False,0.0,1.0,
292,distinct_src_port_d_25,int,False,0.0,1.0,
293,distinct_dst_port_d_25,int,False,0.0,1.0,
294,bytes_in_sum_s_53,int,False,0.0,169936.0,
295,bytes_in_min_s_53,int,False,0.0,274.0,
296,bytes_in_max_s_53,int,False,0.0,10542.0,
297,bytes_out_sum_s_53,int,True,dynamic,31727.0,
298,bytes_out_min_s_53,int,True,dynamic,220.0,
299,bytes_out_max_s_53,int,True,dynamic,6673.0,
300,pkts_in_sum_s_53,int,False,0.0,946.0,
301,pkts_in_min_s_53,int,False,0.0,3.0,
302,pkts_in_max_s_53,int,False,0.0,46.0,
303,pkts_out_sum_s_53,int,True,dynamic,1031.0,
304,pkts_out_min_s_53,int,True,dynamic,5.0,
305,pkts_out_max_s_53,int,True,dynamic,221.0,
306,duration_sum_s_53,real,True,dynamic,909.0,
307,duration_min_s_53,real,True,dynamic,17.0,
308,duration_max_s_53,real,True,dynamic,473.0,
309,tcp_sum_s_53,int,True,dynamic,0.0,
310,udp_sum_s_53,int,True,dynamic,201663.0,
311,icmp_sum_s_53,int,True,dynamic,0.0,
312,distinct_external_ips_s_53,int,False,0.0,272.0,
313,distinct_src_port_s_53,int,False,0.0,213.0,
314,distinct_dst_port_s_53,int,False,0.0,1.0,
315,bytes_in_sum_d_53,int,False,0.0,4435.0,
316,bytes_in_min_d_53,int,False,0.0,1805.0,
317,bytes_in_max_d_53,int,False,0.0,1805.0,
318,bytes_out_sum_d_53,int,True,dynamic,255.0,
319,bytes_out_min_d_53,int,True,dynamic,255.0,
320,bytes_out_max_d_53,int,True,dynamic,255.0,
321,pkts_in_sum_d_53,int,False,0.0,46.0,
322,pkts_in_min_d_53,int,False,0.0,5.0,
323,pkts_in_max_d_53,int,False,0.0,5.0,
324,pkts_out_sum_d_53,int,True,dynamic,5.0,
325,pkts_out_min_d_53,int,True,dynamic,5.0,
326,pkts_out_max_d_53,int,True,dynamic,5.0,
327,duration_sum_d_53,real,True,dynamic,141.0,
328,duration_min_d_53,real,True,dynamic,14.0,
329,duration_max_d_53,real,True,dynamic,15.0,
330,tcp_sum_d_53,int,True,dynamic,0.0,
331,udp_sum_d_53,int,True,dynamic,4435.0,
332,icmp_sum_d_53,int,True,dynamic,0.0,
333,distinct_external_ips_d_53,int,False,0.0,1.0,
334,distinct_src_port_d_53,int,False,0.0,29.0,
335,distinct_dst_port_d_53,int,False,0.0,1.0,
336,bytes_in_sum_s_80,int,False,0.0,4277426661.0,
337,bytes_in_min_s_80,int,False,0.0,450243362.0,
338,bytes_in_max_s_80,int,False,0.0,4276001650.0,
339,bytes_out_sum_s_80,int,True,dynamic,1999271276.0,
340,bytes_out_min_s_80,int,True,dynamic,1999271276.0,
341,bytes_out_max_s_80,int,True,dynamic,1999271276.0,
342,pkts_in_sum_s_80,int,False,0.0,730585.0,
343,pkts_in_min_s_80,int,False,0.0,522572.0,
344,pkts_in_max_s_80,int,False,0.0,574569.0,
345,pkts_out_sum_s_80,int,True,dynamic,405463.0,
346,pkts_out_min_s_80,int,True,dynamic,291268.0,
347,pkts_out_max_s_80,int,True,dynamic,308941.0,
348,duration_sum_s_80,real,True,dynamic,105751.0,
349,duration_min_s_80,real,True,dynamic,21976.0,
350,duration_max_s_80,real,True,dynamic,21976.0,
351,tcp_sum_s_80,int,True,dynamic,4277608069.0,
352,udp_sum_s_80,int,True,dynamic,5129.0,
353,icmp_sum_s_80,int,True,dynamic,0.0,
354,distinct_external_ips_s_80,int,False,0.0,178.0,
355,distinct_src_port_s_80,int,False,0.0,925.0,
356,distinct_dst_port_s_80,int,False,0.0,1.0,
357,bytes_in_sum_d_80,int,False,0.0,10691181708.0,
358,bytes_in_min_d_80,int,False,0.0,561398137.0,
359,bytes_in_max_d_80,int,False,0.0,10691181708.0,
360,bytes_out_sum_d_80,int,True,dynamic,1949649056.0,
361,bytes_out_min_d_80,int,True,dynamic,364132.0,
362,bytes_out_max_d_80,int,True,dynamic,1949648324.0,
363,pkts_in_sum_d_80,int,False,0.0,1312538.0,
364,pkts_in_min_d_80,int,False,0.0,456537.0,
365,pkts_in_max_d_80,int,False,0.0,456537.0,
366,pkts_out_sum_d_80,int,True,dynamic,380498.0,
367,pkts_out_min_d_80,int,True,dynamic,254178.0,
368,pkts_out_max_d_80,int,True,dynamic,254178.0,
369,duration_sum_d_80,real,True,dynamic,146718.0,
370,duration_min_d_80,real,True,dynamic,21801.0,
371,duration_max_d_80,real,True,dynamic,22016.0,
372,tcp_sum_d_80,int,True,dynamic,10691181743.0,
373,udp_sum_d_80,int,True,dynamic,0.0,
374,icmp_sum_d_80,int,True,dynamic,0.0,
375,distinct_external_ips_d_80,int,False,0.0,29.0,
376,distinct_src_port_d_80,int,False,0.0,94.0,
377,distinct_dst_port_d_80,int,False,0.0,1.0,
378,bytes_in_sum_s_110,int,False,0.0,635850.0,
379,bytes_in_min_s_110,int,False,0.0,401065.0,
380,bytes_in_max_s_110,int,False,0.0,634521.0,
381,bytes_out_sum_s_110,int,True,dynamic,4828.0,
382,bytes_out_min_s_110,int,True,dynamic,907.0,
383,bytes_out_max_s_110,int,True,dynamic,3351.0,
384,pkts_in_sum_s_110,int,False,0.0,859.0,
385,pkts_in_min_s_110,int,False,0.0,619.0,
386,pkts_in_max_s_110,int,False,0.0,630.0,
387,pkts_out_sum_s_110,int,True,dynamic,432.0,
388,pkts_out_min_s_110,int,True,dynamic,208.0,
389,pkts_out_max_s_110,int,True,dynamic,421.0,
390,duration_sum_s_110,real,True,dynamic,91.0,
391,duration_min_s_110,real,True,dynamic,91.0,
392,duration_max_s_110,real,True,dynamic,91.0,
393,tcp_sum_s_110,int,True,dynamic,637557.0,
394,udp_sum_s_110,int,True,dynamic,38.0,
395,icmp_sum_s_110,int,True,dynamic,0.0,
396,distinct_external_ips_s_110,int,False,0.0,4.0,
397,distinct_src_port_s_110,int,False,0.0,6.0,
398,distinct_dst_port_s_110,int,False,0.0,1.0,
399,bytes_in_sum_d_110,int,False,0.0,16510537.0,
400,bytes_in_min_d_110,int,False,0.0,16510537.0,
401,bytes_in_max_d_110,int,False,0.0,16510537.0,
402,bytes_out_sum_d_110,int,True,dynamic,4044.0,
403,bytes_out_min_d_110,int,True,dynamic,4044.0,
404,bytes_out_max_d_110,int,True,dynamic,4044.0,
405,pkts_in_sum_d_110,int,False,0.0,12144.0,
406,pkts_in_min_d_110,int,False,0.0,12144.0,
407,pkts_in_max_d_110,int,False,0.0,12144.0,
408,pkts_out_sum_d_110,int,True,dynamic,6506.0,
409,pkts_out_min_d_110,int,True,dynamic,6506.0,
410,pkts_out_max_d_110,int,True,dynamic,6506.0,
411,duration_sum_d_110,real,True,dynamic,1159.0,
412,duration_min_d_110,real,True,dynamic,1091.0,
413,duration_max_d_110,real,True,dynamic,1159.0,
414,tcp_sum_d_110,int,True,dynamic,16514581.0,
415,udp_sum_d_110,int,True,dynamic,0.0,
416,icmp_sum_d_110,int,True,dynamic,0.0,
417,distinct_external_ips_d_110,int,False,0.0,2.0,
418,distinct_src_port_d_110,int,False,0.0,2.0,
419,distinct_dst_port_d_110,int,False,0.0,1.0,
420,bytes_in_sum_s_123,int,False,0.0,66000.0,
421,bytes_in_min_s_123,int,False,0.0,33024.0,
422,bytes_in_max_s_123,int,False,0.0,33024.0,
423,bytes_out_sum_s_123,int,True,dynamic,66000.0,
424,bytes_out_min_s_123,int,True,dynamic,33024.0,
425,bytes_out_max_s_123,int,True,dynamic,33024.0,
426,pkts_in_sum_s_123,int,False,0.0,1375.0,
427,pkts_in_min_s_123,int,False,0.0,688.0,
428,pkts_in_max_s_123,int,False,0.0,688.0,
429,pkts_out_sum_s_123,int,True,dynamic,1375.0,
430,pkts_out_min_s_123,int,True,dynamic,688.0,
431,pkts_out_max_s_123,int,True,dynamic,688.0,
432,duration_sum_s_123,real,True,dynamic,43993.0,
433,duration_min_s_123,real,True,dynamic,22019.0,
434,duration_max_s_123,real,True,dynamic,22019.0,
435,tcp_sum_s_123,int,True,dynamic,0.0,
436,udp_sum_s_123,int,True,dynamic,132000.0,
437,icmp_sum_s_123,int,True,dynamic,0.0,
438,distinct_external_ips_s_123,int,False,0.0,17.0,
439,distinct_src_port_s_123,int,False,0.0,7.0,
440,distinct_dst_port_s_123,int,False,0.0,1.0,
441,bytes_in_sum_d_123,int,False,0.0,48.0,
442,bytes_in_min_d_123,int,False,0.0,48.0,
443,bytes_in_max_d_123,int,False,0.0,48.0,
444,bytes_out_sum_d_123,int,True,dynamic,136.0,
445,bytes_out_min_d_123,int,True,dynamic,136.0,
446,bytes_out_max_d_123,int,True,dynamic,136.0,
447,pkts_in_sum_d_123,int,False,0.0,1.0,
448,pkts_in_min_d_123,int,False,0.0,1.0,
449,pkts_in_max_d_123,int,False,0.0,1.0,
450,pkts_out_sum_d_123,int,True,dynamic,2.0,
451,pkts_out_min_d_123,int,True,dynamic,2.0,
452,pkts_out_max_d_123,int,True,dynamic,2.0,
453,duration_sum_d_123,real,True,dynamic,33.0,
454,duration_min_d_123,real,True,dynamic,33.0,
455,duration_max_d_123,real,True,dynamic,33.0,
456,tcp_sum_d_123,int,True,dynamic,0.0,
457,udp_sum_d_123,int,True,dynamic,136.0,
458,icmp_sum_d_123,int,True,dynamic,0.0,
459,distinct_external_ips_d_123,int,False,0.0,1.0,
460,distinct_src_port_d_123,int,False,0.0,1.0,
461,distinct_dst_port_d_123,int,False,0.0,1.0,
462,bytes_in_sum_s_135,int,False,0.0,0.0,
463,bytes_in_min_s_135,int,False,0.0,0.0,
464,bytes_in_max_s_135,int,False,0.0,0.0,
465,bytes_out_sum_s_135,int,True,dynamic,0.0,
466,bytes_out_min_s_135,int,True,dynamic,0.0,
467,bytes_out_max_s_135,int,True,dynamic,0.0,
468,pkts_in_sum_s_135,int,False,0.0,0.0,
469,pkts_in_min_s_135,int,False,0.0,0.0,
470,pkts_in_max_s_135,int,False,0.0,0.0,
471,pkts_out_sum_s_135,int,True,dynamic,3.0,
472,pkts_out_min_s_135,int,True,dynamic,2.0,
473,pkts_out_max_s_135,int,True,dynamic,2.0,
474,duration_sum_s_135,int,True,dynamic,4.0,
475,duration_min_s_135,int,True,dynamic,4.0,
476,duration_max_s_135,int,True,dynamic,4.0,
477,tcp_sum_s_135,int,True,dynamic,0.0,
478,udp_sum_s_135,int,True,dynamic,0.0,
479,icmp_sum_s_135,int,True,dynamic,0.0,
480,distinct_external_ips_s_135,int,False,0.0,1.0,
481,distinct_src_port_s_135,int,False,0.0,1.0,
482,distinct_dst_port_s_135,int,False,0.0,1.0,
483,bytes_in_sum_d_135,int,False,0.0,0.0,
484,bytes_in_min_d_135,int,False,0.0,0.0,
485,bytes_in_max_d_135,int,False,0.0,0.0,
486,bytes_out_sum_d_135,int,True,dynamic,0.0,
487,bytes_out_min_d_135,int,True,dynamic,0.0,
488,bytes_out_max_d_135,int,True,dynamic,0.0,
489,pkts_in_sum_d_135,int,False,0.0,0.0,
490,pkts_in_min_d_135,int,False,0.0,0.0,
491,pkts_in_max_d_135,int,False,0.0,0.0,
492,pkts_out_sum_d_135,int,True,dynamic,0.0,
493,pkts_out_min_d_135,int,True,dynamic,0.0,
494,pkts_out_max_d_135,int,True,dynamic,0.0,
495,duration_sum_d_135,int,True,dynamic,0.0,
496,duration_min_d_135,int,True,dynamic,0.0,
497,duration_max_d_135,int,True,dynamic,0.0,
498,tcp_sum_d_135,int,True,dynamic,0.0,
499,udp_sum_d_135,int,True,dynamic,0.0,
500,icmp_sum_d_135,int,True,dynamic,0.0,
501,distinct_external_ips_d_135,int,False,0.0,0.0,
502,distinct_src_port_d_135,int,False,0.0,0.0,
503,distinct_dst_port_d_135,int,False,0.0,0.0,
504,bytes_in_sum_s_138,int,False,0.0,0.0,
505,bytes_in_min_s_138,int,False,0.0,0.0,
506,bytes_in_max_s_138,int,False,0.0,0.0,
507,bytes_out_sum_s_138,int,True,dynamic,412.0,
508,bytes_out_min_s_138,int,True,dynamic,412.0,
509,bytes_out_max_s_138,int,True,dynamic,412.0,
510,pkts_in_sum_s_138,int,False,0.0,0.0,
511,pkts_in_min_s_138,int,False,0.0,0.0,
512,pkts_in_max_s_138,int,False,0.0,0.0,
513,pkts_out_sum_s_138,int,True,dynamic,2.0,
514,pkts_out_min_s_138,int,True,dynamic,2.0,
515,pkts_out_max_s_138,int,True,dynamic,2.0,
516,duration_sum_s_138,real,True,dynamic,1.0,
517,duration_min_s_138,real,True,dynamic,1.0,
518,duration_max_s_138,real,True,dynamic,1.0,
519,tcp_sum_s_138,int,True,dynamic,0.0,
520,udp_sum_s_138,int,True,dynamic,412.0,
521,icmp_sum_s_138,int,True,dynamic,0.0,
522,distinct_external_ips_s_138,int,False,0.0,1.0,
523,distinct_src_port_s_138,int,False,0.0,1.0,
524,distinct_dst_port_s_138,int,False,0.0,1.0,
525,bytes_in_sum_d_138,int,False,0.0,0.0,
526,bytes_in_min_d_138,int,False,0.0,0.0,
527,bytes_in_max_d_138,int,False,0.0,0.0,
528,bytes_out_sum_d_138,int,True,dynamic,0.0,
529,bytes_out_min_d_138,int,True,dynamic,0.0,
530,bytes_out_max_d_138,int,True,dynamic,0.0,
531,pkts_in_sum_d_138,int,False,0.0,0.0,
532,pkts_in_min_d_138,int,False,0.0,0.0,
533,pkts_in_max_d_138,int,False,0.0,0.0,
534,pkts_out_sum_d_138,int,True,dynamic,0.0,
535,pkts_out_min_d_138,int,True,dynamic,0.0,
536,pkts_out_max_d_138,int,True,dynamic,0.0,
537,duration_sum_d_138,int,True,dynamic,0.0,
538,duration_min_d_138,int,True,dynamic,0.0,
539,duration_max_d_138,int,True,dynamic,0.0,
540,tcp_sum_d_138,int,True,dynamic,0.0,
541,udp_sum_d_138,int,True,dynamic,0.0,
542,icmp_sum_d_138,int,True,dynamic,0.0,
543,distinct_external_ips_d_138,int,False,0.0,0.0,
544,distinct_src_port_d_138,int,False,0.0,0.0,
545,distinct_dst_port_d_138,int,False,0.0,0.0,
546,bytes_in_sum_s_161,int,False,0.0,196.0,
547,bytes_in_min_s_161,int,False,0.0,83.0,
548,bytes_in_max_s_161,int,False,0.0,113.0,
549,bytes_out_sum_s_161,int,True,dynamic,257400.0,
550,bytes_out_min_s_161,int,True,dynamic,257400.0,
551,bytes_out_max_s_161,int,True,dynamic,257400.0,
552,pkts_in_sum_s_161,int,False,0.0,3.0,
553,pkts_in_min_s_161,int,False,0.0,1.0,
554,pkts_in_max_s_161,int,False,0.0,2.0,
555,pkts_out_sum_s_161,int,True,dynamic,3300.0,
556,pkts_out_min_s_161,int,True,dynamic,3300.0,
557,pkts_out_max_s_161,int,True,dynamic,3300.0,
558,duration_sum_s_161,real,True,dynamic,39962.0,
559,duration_min_s_161,real,True,dynamic,22021.0,
560,duration_max_s_161,real,True,dynamic,22021.0,
561,tcp_sum_s_161,int,True,dynamic,0.0,
562,udp_sum_s_161,int,True,dynamic,257400.0,
563,icmp_sum_s_161,int,True,dynamic,0.0,
564,distinct_external_ips_s_161,int,False,0.0,3.0,
565,distinct_src_port_s_161,int,False,0.0,3.0,
566,distinct_dst_port_s_161,int,False,0.0,1.0,
567,bytes_in_sum_d_161,int,False,0.0,39123.0,
568,bytes_in_min_d_161,int,False,0.0,39123.0,
569,bytes_in_max_d_161,int,False,0.0,39123.0,
570,bytes_out_sum_d_161,int,True,dynamic,228065.0,
571,bytes_out_min_d_161,int,True,dynamic,84006.0,
572,bytes_out_max_d_161,int,True,dynamic,98094.0,
573,pkts_in_sum_d_161,int,False,0.0,483.0,
574,pkts_in_min_d_161,int,False,0.0,483.0,
575,pkts_in_max_d_161,int,False,0.0,483.0,
576,pkts_out_sum_d_161,int,True,dynamic,2846.0,
577,pkts_out_min_d_161,int,True,dynamic,1077.0,
578,pkts_out_max_d_161,int,True,dynamic,1212.0,
579,duration_sum_d_161,real,True,dynamic,47716.0,
580,duration_min_d_161,real,True,dynamic,21543.0,
581,duration_max_d_161,real,True,dynamic,21983.0,
582,tcp_sum_d_161,int,True,dynamic,0.0,
583,udp_sum_d_161,int,True,dynamic,228065.0,
584,icmp_sum_d_161,int,True,dynamic,0.0,
585,distinct_external_ips_d_161,int,False,0.0,4.0,
586,distinct_src_port_d_161,int,False,0.0,4.0,
587,distinct_dst_port_d_161,int,False,0.0,1.0,
588,bytes_in_sum_s_443,int,False,0.0,1280634620.0,
589,bytes_in_min_s_443,int,False,0.0,2500262.0,
590,bytes_in_max_s_443,int,False,0.0,1280390612.0,
591,bytes_out_sum_s_443,int,True,dynamic,92617457.0,
592,bytes_out_min_s_443,int,True,dynamic,17019941.0,
593,bytes_out_max_s_443,int,True,dynamic,45501654.0,
594,pkts_in_sum_s_443,int,False,0.0,912375.0,
595,pkts_in_min_s_443,int,False,0.0,9663.0,
596,pkts_in_max_s_443,int,False,0.0,911788.0,
597,pkts_out_sum_s_443,int,True,dynamic,438072.0,
598,pkts_out_min_s_443,int,True,dynamic,17464.0,
599,pkts_out_max_s_443,int,True,dynamic,437677.0,
600,duration_sum_s_443,real,True,dynamic,417008.0,
601,duration_min_s_443,real,True,dynamic,22022.0,
602,duration_max_s_443,real,True,dynamic,22027.0,
603,tcp_sum_s_443,int,True,dynamic,1280829342.0,
604,udp_sum_s_443,int,True,dynamic,153434486.0,
605,icmp_sum_s_443,int,True,dynamic,0.0,
606,distinct_external_ips_s_443,int,False,0.0,55.0,
607,distinct_src_port_s_443,int,False,0.0,283.0,
608,distinct_dst_port_s_443,int,False,0.0,1.0,
609,bytes_in_sum_d_443,int,False,0.0,9662724483.0,
610,bytes_in_min_d_443,int,False,0.0,82021574.0,
611,bytes_in_max_d_443,int,False,0.0,9662697547.0,
612,bytes_out_sum_d_443,int,True,dynamic,14411004278.0,
613,bytes_out_min_d_443,int,True,dynamic,24483588.0,
614,bytes_out_max_d_443,int,True,dynamic,14410956052.0,
615,pkts_in_sum_d_443,int,False,0.0,421005.0,
616,pkts_in_min_d_443,int,False,0.0,421005.0,
617,pkts_in_max_d_443,int,False,0.0,421005.0,
618,pkts_out_sum_d_443,int,True,dynamic,232541.0,
619,pkts_out_min_d_443,int,True,dynamic,208542.0,
620,pkts_out_max_d_443,int,True,dynamic,208542.0,
621,duration_sum_d_443,real,True,dynamic,862285.0,
622,duration_min_d_443,real,True,dynamic,22019.0,
623,duration_max_d_443,real,True,dynamic,22035.0,
624,tcp_sum_d_443,int,True,dynamic,14411015070.0,
625,udp_sum_d_443,int,True,dynamic,2264.0,
626,icmp_sum_d_443,int,True,dynamic,0.0,
627,distinct_external_ips_d_443,int,False,0.0,154.0,
628,distinct_src_port_d_443,int,False,0.0,155.0,
629,distinct_dst_port_d_443,int,False,0.0,1.0,
630,bytes_in_sum_s_445,int,False,0.0,0.0,
631,bytes_in_min_s_445,int,False,0.0,0.0,
632,bytes_in_max_s_445,int,False,0.0,0.0,
633,bytes_out_sum_s_445,int,True,dynamic,0.0,
634,bytes_out_min_s_445,int,True,dynamic,0.0,
635,bytes_out_max_s_445,int,True,dynamic,0.0,
636,pkts_in_sum_s_445,int,False,0.0,0.0,
637,pkts_in_min_s_445,int,False,0.0,0.0,
638,pkts_in_max_s_445,int,False,0.0,0.0,
639,pkts_out_sum_s_445,int,True,dynamic,14.0,
640,pkts_out_min_s_445,int,True,dynamic,2.0,
641,pkts_out_max_s_445,int,True,dynamic,2.0,
642,duration_sum_s_445,real,True,dynamic,16.0,
643,duration_min_s_445,real,True,dynamic,4.0,
644,duration_max_s_445,real,True,dynamic,4.0,
645,tcp_sum_s_445,int,True,dynamic,0.0,
646,udp_sum_s_445,int,True,dynamic,0.0,
647,icmp_sum_s_445,int,True,dynamic,0.0,
648,distinct_external_ips_s_445,int,False,0.0,5.0,
649,distinct_src_port_s_445,int,False,0.0,5.0,
650,distinct_dst_port_s_445,int,False,0.0,1.0,
651,bytes_in_sum_d_445,int,False,0.0,0.0,
652,bytes_in_min_d_445,int,False,0.0,0.0,
653,bytes_in_max_d_445,int,False,0.0,0.0,
654,bytes_out_sum_d_445,int,True,dynamic,0.0,
655,bytes_out_min_d_445,int,True,dynamic,0.0,
656,bytes_out_max_d_445,int,True,dynamic,0.0,
657,pkts_in_sum_d_445,int,False,0.0,0.0,
658,pkts_in_min_d_445,int,False,0.0,0.0,
659,pkts_in_max_d_445,int,False,0.0,0.0,
660,pkts_out_sum_d_445,int,True,dynamic,0.0,
661,pkts_out_min_d_445,int,True,dynamic,0.0,
662,pkts_out_max_d_445,int,True,dynamic,0.0,
663,duration_sum_d_445,int,True,dynamic,0.0,
664,duration_min_d_445,int,True,dynamic,0.0,
665,duration_max_d_445,int,True,dynamic,0.0,
666,tcp_sum_d_445,int,True,dynamic,0.0,
667,udp_sum_d_445,int,True,dynamic,0.0,
668,icmp_sum_d_445,int,True,dynamic,0.0,
669,distinct_external_ips_d_445,int,False,0.0,0.0,
670,distinct_src_port_d_445,int,False,0.0,0.0,
671,distinct_dst_port_d_445,int,False,0.0,0.0,
672,bytes_in_sum_s_993,int,False,0.0,209346562.0,
673,bytes_in_min_s_993,int,False,0.0,42232512.0,
674,bytes_in_max_s_993,int,False,0.0,209011253.0,
675,bytes_out_sum_s_993,int,True,dynamic,6822169.0,
676,bytes_out_min_s_993,int,True,dynamic,650114.0,
677,bytes_out_max_s_993,int,True,dynamic,6816438.0,
678,pkts_in_sum_s_993,int,False,0.0,156108.0,
679,pkts_in_min_s_993,int,False,0.0,32165.0,
680,pkts_in_max_s_993,int,False,0.0,154716.0,
681,pkts_out_sum_s_993,int,True,dynamic,77336.0,
682,pkts_out_min_s_993,int,True,dynamic,15984.0,
683,pkts_out_max_s_993,int,True,dynamic,75503.0,
684,duration_sum_s_993,real,True,dynamic,42410.0,
685,duration_min_s_993,real,True,dynamic,21961.0,
686,duration_max_s_993,real,True,dynamic,21961.0,
687,tcp_sum_s_993,int,True,dynamic,209485697.0,
688,udp_sum_s_993,int,True,dynamic,0.0,
689,icmp_sum_s_993,int,True,dynamic,0.0,
690,distinct_external_ips_s_993,int,False,0.0,4.0,
691,distinct_src_port_s_993,int,False,0.0,16.0,
692,distinct_dst_port_s_993,int,False,0.0,1.0,
693,bytes_in_sum_d_993,int,False,0.0,1939065.0,
694,bytes_in_min_d_993,int,False,0.0,1939065.0,
695,bytes_in_max_d_993,int,False,0.0,1939065.0,
696,bytes_out_sum_d_993,int,True,dynamic,215081.0,
697,bytes_out_min_d_993,int,True,dynamic,72807.0,
698,bytes_out_max_d_993,int,True,dynamic,137322.0,
699,pkts_in_sum_d_993,int,False,0.0,6072.0,
700,pkts_in_min_d_993,int,False,0.0,1897.0,
701,pkts_in_max_d_993,int,False,0.0,1897.0,
702,pkts_out_sum_d_993,int,True,dynamic,6232.0,
703,pkts_out_min_d_993,int,True,dynamic,1949.0,
704,pkts_out_max_d_993,int,True,dynamic,1949.0,
705,duration_sum_d_993,real,True,dynamic,74576.0,
706,duration_min_d_993,real,True,dynamic,21992.0,
707,duration_max_d_993,real,True,dynamic,21998.0,
708,tcp_sum_d_993,int,True,dynamic,1942544.0,
709,udp_sum_d_993,int,True,dynamic,0.0,
710,icmp_sum_d_993,int,True,dynamic,0.0,
711,distinct_external_ips_d_993,int,False,0.0,2.0,
712,distinct_src_port_d_993,int,False,0.0,11.0,
713,distinct_dst_port_d_993,int,False,0.0,1.0,
714,bytes_in_sum_s_OTHER,int,False,0.0,3913263415.0,
715,bytes_in_min_s_OTHER,int,False,0.0,360897755.0,
716,bytes_in_max_s_OTHER,int,False,0.0,1774132850.0,
717,bytes_out_sum_s_OTHER,int,True,dynamic,5101358572.0,
718,bytes_out_min_s_OTHER,int,True,dynamic,12223614.0,
719,bytes_out_max_s_OTHER,int,True,dynamic,1844175440.0,
720,pkts_in_sum_s_OTHER,int,False,0.0,2837011.0,
721,pkts_in_min_s_OTHER,int,False,0.0,277039.0,
722,pkts_in_max_s_OTHER,int,False,0.0,1227489.0,
723,pkts_out_sum_s_OTHER,int,True,dynamic,1567499.0,
724,pkts_out_min_s_OTHER,int,True,dynamic,201856.0,
725,pkts_out_max_s_OTHER,int,True,dynamic,1287818.0,
726,duration_sum_s_OTHER,real,True,dynamic,809976.0,
727,duration_min_s_OTHER,real,True,dynamic,22030.0,
728,duration_max_s_OTHER,real,True,dynamic,22030.0,
729,tcp_sum_s_OTHER,int,True,dynamic,5101361215.0,
730,udp_sum_s_OTHER,int,True,dynamic,997523610.0,
731,icmp_sum_s_OTHER,int,True,dynamic,12376.0,
732,distinct_external_ips_s_OTHER,int,False,0.0,1370.0,
733,distinct_src_port_s_OTHER,int,False,0.0,201.0,
734,distinct_dst_port_s_OTHER,int,False,0.0,1361.0,
735,bytes_in_sum_d_OTHER,int,False,0.0,11630589400.0,
736,bytes_in_min_d_OTHER,int,False,0.0,11630589400.0,
737,bytes_in_max_d_OTHER,int,False,0.0,11630589400.0,
738,bytes_out_sum_d_OTHER,int,True,dynamic,6045566530.0,
739,bytes_out_min_d_OTHER,int,True,dynamic,191012435.0,
740,bytes_out_max_d_OTHER,int,True,dynamic,6045487440.0,
741,pkts_in_sum_d_OTHER,int,False,0.0,8050083.0,
742,pkts_in_min_d_OTHER,int,False,0.0,8050083.0,
743,pkts_in_max_d_OTHER,int,False,0.0,8050083.0,
744,pkts_out_sum_d_OTHER,int,True,dynamic,4155952.0,
745,pkts_out_min_d_OTHER,int,True,dynamic,4155952.0,
746,pkts_out_max_d_OTHER,int,True,dynamic,4155952.0,
747,duration_sum_d_OTHER,real,True,dynamic,1312704.0,
748,duration_min_d_OTHER,real,True,dynamic,22034.0,
749,duration_max_d_OTHER,real,True,dynamic,22034.0,
750,tcp_sum_d_OTHER,int,True,dynamic,11630589400.0,
751,udp_sum_d_OTHER,int,True,dynamic,208769368.0,
752,icmp_sum_d_OTHER,int,True,dynamic,86828.0,
753,distinct_external_ips_d_OTHER,int,False,0.0,2985.0,
754,distinct_src_port_d_OTHER,int,False,0.0,16378.0,
755,distinct_dst_port_d_OTHER,int,False,0.0,58606.0,
0,augmented_0,int,True,0.0,1.0,True
1,augmented_1,int,True,0.0,1.0,True
2,augmented_2,int,True,0.0,1.0,True
3,augmented_3,int,True,0.0,1.0,True
4,augmented_4,int,True,0.0,1.0,True
5,augmented_5,int,True,0.0,1.0,True
6,augmented_6,int,True,0.0,1.0,True
7,augmented_7,int,True,0.0,1.0,True
8,augmented_8,int,True,0.0,1.0,True
9,augmented_9,int,True,0.0,1.0,True
10,augmented_10,int,True,0.0,1.0,True
11,augmented_11,int,True,0.0,1.0,True
12,augmented_12,int,True,0.0,1.0,True
13,augmented_13,int,True,0.0,1.0,True
14,augmented_14,int,True,0.0,1.0,True
15,augmented_15,int,True,0.0,1.0,True
16,augmented_16,int,True,0.0,1.0,True
17,augmented_17,int,True,0.0,1.0,True
18,augmented_18,int,True,0.0,1.0,True
19,augmented_19,int,True,0.0,1.0,True
20,augmented_20,int,True,0.0,1.0,True
21,augmented_21,int,True,0.0,1.0,True
22,augmented_22,int,True,0.0,1.0,True
23,augmented_23,int,True,0.0,1.0,True
24,augmented_24,int,True,0.0,1.0,True
25,augmented_25,int,True,0.0,1.0,True
26,augmented_26,int,True,0.0,1.0,True
27,augmented_27,int,True,0.0,1.0,True
28,augmented_28,int,True,0.0,1.0,True
29,augmented_29,int,True,0.0,1.0,True
30,augmented_30,int,True,0.0,1.0,True
31,augmented_31,int,True,0.0,1.0,True
32,augmented_32,int,True,0.0,1.0,True
33,augmented_33,int,True,0.0,1.0,True
34,augmented_34,int,True,0.0,1.0,True
35,augmented_35,int,True,0.0,1.0,True
36,augmented_36,int,True,0.0,1.0,True
37,augmented_37,int,True,0.0,1.0,True
38,augmented_38,int,True,0.0,1.0,True
39,augmented_39,int,True,0.0,1.0,True
40,augmented_40,int,True,0.0,1.0,True
41,augmented_41,int,True,0.0,1.0,True
42,augmented_42,int,True,0.0,1.0,True
43,augmented_43,int,True,0.0,1.0,True
44,augmented_44,int,True,0.0,1.0,True
45,augmented_45,int,True,0.0,1.0,True
46,augmented_46,int,True,0.0,1.0,True
47,augmented_47,int,True,0.0,1.0,True
48,augmented_48,int,True,0.0,1.0,True
49,augmented_49,int,True,0.0,1.0,True
50,augmented_50,int,True,0.0,1.0,True
51,augmented_51,int,True,0.0,1.0,True
52,augmented_52,int,True,0.0,1.0,True
53,augmented_53,int,True,0.0,1.0,True
54,augmented_54,int,True,0.0,1.0,True
55,augmented_55,int,True,0.0,1.0,True
56,augmented_56,int,True,0.0,1.0,True
57,augmented_57,int,True,0.0,1.0,True
58,augmented_58,int,True,0.0,1.0,True
59,augmented_59,int,True,0.0,1.0,True
60,augmented_60,int,True,0.0,1.0,True
61,augmented_61,int,True,0.0,1.0,True
62,augmented_62,int,True,0.0,1.0,True
63,augmented_63,int,True,0.0,1.0,True
64,augmented_64,int,True,0.0,1.0,True
65,augmented_65,int,True,0.0,1.0,True
66,augmented_66,int,True,0.0,1.0,True
67,augmented_67,int,True,0.0,1.0,True
68,augmented_68,int,True,0.0,1.0,True
69,augmented_69,int,True,0.0,1.0,True
70,augmented_70,int,True,0.0,1.0,True
71,augmented_71,int,True,0.0,1.0,True
72,augmented_72,int,True,0.0,1.0,True
73,augmented_73,int,True,0.0,1.0,True
74,augmented_74,int,True,0.0,1.0,True
75,augmented_75,int,True,0.0,1.0,True
76,augmented_76,int,True,0.0,1.0,True
77,augmented_77,int,True,0.0,1.0,True
78,augmented_78,int,True,0.0,1.0,True
79,augmented_79,int,True,0.0,1.0,True
80,augmented_80,int,True,0.0,1.0,True
81,augmented_81,int,True,0.0,1.0,True
82,augmented_82,int,True,0.0,1.0,True
83,augmented_83,int,True,0.0,1.0,True
84,augmented_84,int,True,0.0,1.0,True
85,augmented_85,int,True,0.0,1.0,True
86,augmented_86,int,True,0.0,1.0,True
87,augmented_87,int,True,0.0,1.0,True
88,augmented_88,int,True,0.0,1.0,True
89,augmented_89,int,True,0.0,1.0,True
90,augmented_90,int,True,0.0,1.0,True
91,augmented_91,int,True,0.0,1.0,True
92,augmented_92,int,True,0.0,1.0,True
93,augmented_93,int,True,0.0,1.0,True
94,augmented_94,int,True,0.0,1.0,True
95,augmented_95,int,True,0.0,1.0,True
96,augmented_96,int,True,0.0,1.0,True
97,augmented_97,int,True,0.0,1.0,True
98,augmented_98,int,True,0.0,1.0,True
99,augmented_99,int,True,0.0,1.0,True
100,augmented_100,int,True,0.0,1.0,True
101,augmented_101,int,True,0.0,1.0,True
102,augmented_102,int,True,0.0,1.0,True
103,augmented_103,int,True,0.0,1.0,True
104,augmented_104,int,True,0.0,1.0,True
105,augmented_105,int,True,0.0,1.0,True
106,augmented_106,int,True,0.0,1.0,True
107,augmented_107,int,True,0.0,1.0,True
108,augmented_108,int,True,0.0,1.0,True
109,augmented_109,int,True,0.0,1.0,True
110,augmented_110,int,True,0.0,1.0,True
111,augmented_111,int,True,0.0,1.0,True
112,augmented_112,int,True,0.0,1.0,True
113,augmented_113,int,True,0.0,1.0,True
114,augmented_114,int,True,0.0,1.0,True
115,augmented_115,int,True,0.0,1.0,True
116,augmented_116,int,True,0.0,1.0,True
117,augmented_117,int,True,0.0,1.0,True
118,augmented_118,int,True,0.0,1.0,True
119,augmented_119,int,True,0.0,1.0,True
120,augmented_120,int,True,0.0,1.0,True
121,augmented_121,int,True,0.0,1.0,True
122,augmented_122,int,True,0.0,1.0,True
123,augmented_123,int,True,0.0,1.0,True
124,augmented_124,int,True,0.0,1.0,True
125,augmented_125,int,True,0.0,1.0,True
126,augmented_126,int,True,0.0,1.0,True
127,augmented_127,int,True,0.0,1.0,True
128,augmented_128,int,True,0.0,1.0,True
129,augmented_129,int,True,0.0,1.0,True
130,augmented_130,int,True,0.0,1.0,True
131,augmented_131,int,True,0.0,1.0,True
132,augmented_132,int,True,0.0,1.0,True
133,augmented_133,int,True,0.0,1.0,True
134,augmented_134,int,True,0.0,1.0,True
135,augmented_135,int,True,0.0,1.0,True
136,augmented_136,int,True,0.0,1.0,True
137,augmented_137,int,True,0.0,1.0,True
138,augmented_138,int,True,0.0,1.0,True
139,augmented_139,int,True,0.0,1.0,True
140,augmented_140,int,True,0.0,1.0,True
141,augmented_141,int,True,0.0,1.0,True
142,augmented_142,int,True,0.0,1.0,True
143,augmented_143,int,True,0.0,1.0,True
144,augmented_144,int,True,0.0,1.0,True
145,augmented_145,int,True,0.0,1.0,True
146,augmented_146,int,True,0.0,1.0,True
147,augmented_147,int,True,0.0,1.0,True
148,augmented_148,int,True,0.0,1.0,True
149,augmented_149,int,True,0.0,1.0,True
150,augmented_150,int,True,0.0,1.0,True
151,augmented_151,int,True,0.0,1.0,True
152,augmented_152,int,True,0.0,1.0,True
153,augmented_153,int,True,0.0,1.0,True
154,augmented_154,int,True,0.0,1.0,True
155,augmented_155,int,True,0.0,1.0,True
156,augmented_156,int,True,0.0,1.0,True
157,augmented_157,int,True,0.0,1.0,True
158,augmented_158,int,True,0.0,1.0,True
159,augmented_159,int,True,0.0,1.0,True
160,augmented_160,int,True,0.0,1.0,True
161,augmented_161,int,True,0.0,1.0,True
162,augmented_162,int,True,0.0,1.0,True
163,augmented_163,int,True,0.0,1.0,True
164,augmented_164,int,True,0.0,1.0,True
165,augmented_165,int,True,0.0,1.0,True
166,augmented_166,int,True,0.0,1.0,True
167,augmented_167,int,True,0.0,1.0,True
168,augmented_168,int,True,0.0,1.0,True
169,augmented_169,int,True,0.0,1.0,True
170,augmented_170,int,True,0.0,1.0,True
